-- Table Gare

INSERT INTO Gare (idGare, nom, code_postal, nombre_de_quais) 
VALUES (1, 'Gare De Nice', '06000', 5),
(2, 'Gare de Lyon', '69000', 4),
(3, 'Gare de Marseille', '13000', 5),
(4, 'Gare de Montpellier', '34000', 4),
(5, 'Gare de Toulouse', '31000', 5),
(6, 'Gare de Bordeau', '33000', 3),
(7, 'Gare de Nantes', '44000', 6),
(8, 'Gare de Rennes', '35000', 3),
(9, 'Gare de Rouen', '76000', 2),
(10, 'Gare de Lille', '59000', 4),
(11, 'Gare de Strasbourg', '67000', 3),
(12, 'Gare de Dijon', '21000', 3),
(13, 'Gare de Orléans', '45000', 2),
(14, 'Gare de Bercy', '75000', 8),
(15, 'Gare de Limoges', '87000', 3),
(16, 'Gare de Poitiers', '86000', 4),
(17, 'Gare de Grenoble', '38000', 3),
(18, 'Gare de Clermont Ferrand', '63000', 5),
(19, 'Gare de Metz', '57000', 4),
(20, 'Gare de Saint Etienne', '42000', 6);

-- Table Equipement 

INSERT INTO Equipement (IdEquipement, Descriptif)
VALUES (1, 'Billetterie Automatique'),
(2, 'Guichet'),
(3, 'Toilettes'),
(4, 'Affichage des correspondances'),
(5, 'Restauration');

-- Table pour le suivi du nombre d'un genre d'Equipement dans une Gare

INSERT INTO Equipement_de_Gare (idGare, idEquipement, nombre)
VALUES (1, 1, 2),
(5, 1, 1),
(7, 1, 3),
(10, 1, 1),
(13, 1, 2),
(14, 1, 5),
(18, 1, 4),
(20, 1, 2),
(3, 2, 1),
(4, 2, 1),
(5, 2, 2),
(6, 2, 1),
(9, 2, 3),
(12, 2, 2),
(14, 2, 2),
(19, 2, 1),
(1, 3, 3),
(2, 3, 2),
(4, 3, 1),
(7, 3, 5),
(8, 3, 4),
(11, 3, 2),
(14, 3, 4),
(15, 3, 6),
(16, 3, 4),
(19, 3, 3),
(20, 3, 2),
(2, 4, 1),
(4, 4, 1),
(5, 4, 3),
(8, 4, 3),
(9, 4, 4),
(10, 4, 2),
(13, 4, 1),
(14, 4, 3),
(15, 4, 1),
(17, 4, 2),
(18, 4, 1),
(1, 5, 2),
(2, 5, 1),
(3, 5, 3),
(6, 5, 1),
(7, 5, 1),
(11, 5, 2),
(14, 5, 2),
(16, 5, 1),
(17, 5, 2);

-- Table Gare_successive

INSERT INTO Gare_Successive (idGare1, idGare2, distance, duree)
VALUES (1, 3, 220, '02:12:00'),
(3, 4, 202, '02:00:00'),
(4, 5, 198, '01:58:00'),
(5, 6, 232, '02:19:00'),
(17, 2, 103, '01:02:00'),
(2, 20, 108, '01:10:00'),
(20, 18, 101, '01:00:00'),
(10, 9, 330, '03:18:00'),
(9, 8, 316, '03:09:00'),
(8, 7, 220, '02:10:00'),
(7, 16, 130, '01:16:00'),
(16, 15, 151, '01:30:00'),
(6, 15, 250, '02:30:00'),
(15, 13, 286, '02:48:00'),
(13, 14, 233, '02:20:00'),
(9, 14, 297, '02:59:00'),
(14, 19, 478, '04:46:00'),
(19, 11, 241, '02:25:00'),
(18, 12, 323, '03:14:00'),
(12, 11, 400, '04:00:00'),
(14, 10, 341, '03:27:00'),
(13, 12, 579, '05:48:00'),
(12, 2, 317, '03:09:00'),
(17, 1, 245, '02:28:00'),
(4, 18, 283, '02:50:00'),
(18, 13, 454, '04:31:00');

-- Table ligne

INSERT INTO Ligne (idLigne, nomLigne, longueur_totale)
VALUES (1, 'Ligne Nice - Bordeaux', 852),
(2, 'Ligne Grenoble - Clermont Ferrand', 312),
(3, 'Ligne Lille - Limoges', 1127),
(4, 'Ligne Bordeaux - Bercy', 769),
(5, 'Ligne Rouen - Strasbourg', 1016),
(6, 'Ligne Clermont Ferrand - Lille', 1783),
(7, 'Ligne Orléan - Nice', 1244),
(8, 'Ligne Toulouse - Orléan', 935);

-- Table pour l'ordre de passage d'une Ligne dans des Gare

INSERT INTO Traverse (idLigne, idGare, rang)
VALUES (1, 1, 1),
(1, 3, 2),
(1, 4, 3),
(1, 5, 4),
(1, 6, 5),
(2, 17, 1),
(2, 2, 2),
(2, 20, 3),
(2, 18, 4),
(3, 10, 1),
(3, 9, 2),
(3, 8, 3),
(3, 7, 4),
(3, 16, 5),
(3, 15, 6),
(4, 6, 1),
(4, 16, 2),
(4, 13, 3),
(4, 14, 4),
(5, 9, 1),
(5, 14, 2),
(5, 19, 3),
(5, 11, 4),
(6, 18, 1),
(6, 12, 2),
(6, 11, 3),
(6, 19, 4),
(6, 14, 5),
(6, 10, 6),
(7, 13, 1),
(7, 12, 2),
(7, 2, 3),
(7, 17, 4),
(7, 1, 5),
(8, 5, 1),
(8, 4, 2),
(8, 18, 3),
(8, 13, 4);

-- Table Horaire

INSERT INTO Horaire (idLigne, sens, heure_depart)
VALUES (1, 'A', '06:00:00'),
(1, 'A', '10:00:00'),
(1, 'A', '21:00:00'),
(1, 'R', '21:00:00'),
(1, 'R', '23:00:00'),
(1, 'R', '06:00:00'),
(2, 'A', '04:00:00'),
(2, 'A', '08:00:00'),
(2, 'A', '23:00:00'),
(2, 'R', '23:00:00'),
(2, 'R', '08:00:00'),
(2, 'R', '04:00:00'),
(3, 'A', '04:00:00'),
(3, 'A', '13:00:00'),
(3, 'A', '21:00:00'),
(3, 'R', '21:00:00'),
(3, 'R', '04:00:00'),
(4, 'A', '02:00:00'),
(4, 'A', '08:00:00'),
(4, 'A', '17:00:00'),
(4, 'A', '23:00:00'),
(4, 'R', '23:00:00'),
(4, 'R', '17:00:00'),
(4, 'R', '08:00:00'),
(4, 'R', '02:00:00'),
(5, 'A', '02:00:00'),
(5, 'A', '08:00:00'),
(5, 'A', '14:00:00'),
(5, 'R', '14:00:00'),
(5, 'R', '08:00:00'),
(5, 'R', '02:00:00'),
(6, 'A', '01:00:00'),
(6, 'A', '09:00:00'),
(6, 'A', '15:00:00'),
(6, 'A', '23:00:00'),
(6, 'R', '23:00:00'),
(6, 'R', '15:00:00'),
(6, 'R', '09:00:00'),
(6, 'R', '01:00:00'),
(7, 'A', '01:00:00'),
(7, 'A', '09:00:00'),
(7, 'A', '14:00:00'),
(7, 'A', '21:00:00'),
(7, 'R', '21:00:00'),
(7, 'R', '14:00:00'),
(7, 'R', '09:00:00'),
(7, 'R', '01:00:00'),
(8, 'A', '02:00:00'),
(8, 'A', '05:00:00'),
(8, 'A', '16:00:00'),
(8, 'R', '16:00:00'),
(8, 'R', '18:00:00'),
(8, 'R', '02:00:00');

-- Table Train 

INSERT INTO Train (capacite, date_de_mise_en_service, en_service)
VALUES (200, '2022-06-01', TRUE),
(210, '2022-06-01', FALSE),
(222, '2022-06-01', TRUE),
(170, '2022-06-01', TRUE),
(150, '2022-06-01', TRUE),
(200, '2022-06-01', TRUE),
(245, '2022-06-01', TRUE),
(139, '2022-06-01', TRUE),
(98, '2022-06-01', TRUE),
(207, '2022-06-01', TRUE),
(255, '2022-06-01', TRUE),
(128, '2022-06-01', TRUE),
(163, '2022-06-01', FALSE),
(213, '2022-06-01', TRUE),
(86, '2022-06-01', TRUE),
(134, '2022-06-01', TRUE),
(145, '2022-06-01', TRUE),
(121, '2022-06-01', TRUE),
(269, '2022-06-01', FALSE),
(321, '2022-06-01', TRUE),
(247, '2022-06-01', TRUE),
(202, '2022-06-01', FALSE),
(176, '2022-06-01', TRUE),
(196, '2022-06-01', TRUE),
(181, '2022-06-01', TRUE),
(116, '2022-06-01', FALSE),
(102, '2022-06-01', TRUE),
(251, '2022-06-01', TRUE),
(273, '2022-06-01', TRUE),
(129, '2022-06-01', TRUE),
(271, '2022-06-01', TRUE),
(210, '2022-06-01', TRUE),
(280, '2022-06-01', FALSE),
(127, '2022-06-01', TRUE),
(200, '2022-06-01', FALSE),
(144, '2022-06-01', TRUE),
(192, '2022-06-01', TRUE),
(163, '2022-06-01', TRUE),
(105, '2022-06-01', TRUE);

-- Table Technicien

INSERT INTO Technicien (idTechnicien, nom, prenom, contact)
VALUES (1, 'Dupont', 'Pierre', '0123456789'),
(2, 'Mirabel', 'Paul', '0987654321'),
(3, 'De Villier', 'Philippe', '0202346758'),
(4, 'Loisau', 'Albert', '0625934361'),
(5, 'Lorenz', 'Hugo', '0783412860');

-- Table Maintenance

INSERT INTO Maintenance (idTrain, idTechnicien, date_maintenance)
VALUES (17, 1, '2025-02-01'),
(7, 1, '2025-03-11'),
(15, 2, '2025-04-20'),
(20, 2, '2025-06-04'),
(12, 3, '2025-02-17'),
(33, 3, '2025-04-19'),
(19, 4, '2025-03-27'),
(26, 4, '2025-06-06'),
(3, 5, '2025-02-13'),
(34, 5, '2025-02-25');

-- Table Type_incident

INSERT INTO Type_Incident (idIncident, description)
VALUES (1, 'Panne technique'),
(2, 'accident'),
(3, 'Incident sur les voies'),
(4, 'Problème de maintenance préventive'),
(5, 'Conditions météorologiques extrêmes'),
(6, 'Problème de passager'),
(7, 'Problème de signalisation');

-- Table Trajet 

INSERT INTO Trajet (idHoraire, idTrain, date_trajet, dureeTrajet)
VALUES (1, 1, '2025-02-03', '08:29:00'),
(4, 1, '2025-02-03', '08:29:00'),
(3, 16, '2025-02-03', '08:29:00'),
(6, 30, '2025-02-03', '08:29:00'),
(7, 21, '2025-02-03', '02:12:00'),
(9, 34, '2025-02-03', '02:12:00'),
(11, 5, '2025-02-03', '02:12:00'),
(12, 20, '2025-02-03', '02:12:00'),
(13, 6, '2025-02-03', '11:23:00'),
(14, 10, '2025-02-03', '11:23:00'),
(15, 27, '2025-02-03', '11:23:00'),
(17, 18, '2025-02-03', '11:23:00'),
(19, 4, '2025-02-03', '07:38:00'),
(21, 3, '2025-02-03', '07:38:00'),
(22, 32, '2025-02-03', '07:38:00'),
(24, 28, '2025-02-03', '07:38:00'),
(26, 37, '2025-02-03', '10:10:00'),
(27, 22, '2025-02-03', '10:10:00'),
(28, 15, '2025-02-03', '10:10:00'),
(29, 37, '2025-02-03', '10:10:00'),
(32, 31, '2025-02-03', '17:52:00'),
(36, 5, '2025-02-03', '17:52:00'),
(37, 12, '2025-02-03', '17:52:00'),
(39, 6, '2025-02-03', '17:52:00'),
(41, 9, '2025-02-03', '12:27:00'),
(43, 11, '2025-02-03', '12:27:00'),
(45, 7, '2025-02-03', '12:27:00'),
(47, 33, '2025-02-03', '12:27:00'),
(48, 14, '2025-02-03', '09:19:00'),
(49, 8, '2025-02-03', '09:19:00'),
(51, 21, '2025-02-03', '09:19:00'),
(53, 26, '2025-02-03', '09:19:00');

-- Table Retard
INSERT INTO Retard (duree_retard, idIncident, idTrajet)
VALUES ('00:45:00', 1, 2),
('00:55:00', 1, 7),
('00:50:00', 2, 16),
('00:40:00', 3, 18),
('00:30:00', 6, 25),
('00:35:00', 7, 30);
